Provinsi/Kabupaten/Kota,Laki-laki,Perempuan
ACEH,14025,8495
SIMEULUE,11709,3560
Simeulue,11709,3560
ACEH SINGKIL,15346,6062
Aceh Singkil,15346,6062
ACEH SELATAN,11317,7294
Aceh Selatan,11317,7294
ACEH TENGGARA,12210,8005
Aceh Tenggara,12210,8005
ACEH TIMUR,14215,5937
Aceh Timur,14215,5937
ACEH TENGAH,11755,9735
Aceh Tengah,11755,9735
ACEH BARAT,14524,5852
Aceh Barat,14524,5852
ACEH BESAR,12821,9205
Aceh Besar,12821,9205
PIDIE,13249,9134
Pidie,13249,9134
BIREUEN,12673,9092
Bireuen,12673,9092
ACEH UTARA,11459,7371
Aceh Utara,11459,7371
ACEH BARAT DAYA,14882,7114
Aceh Barat Daya,14882,7114
GAYO LUES,13852,7870
Gayo Lues,13852,7870
ACEH TAMIANG,16377,4880
Aceh Tamiang,16377,4880
NAGAN RAYA,13187,7175
Nagan Raya,13187,7175
ACEH JAYA,15694,7724
Aceh Jaya,15694,7724
BENER MERIAH,13872,11219
Bener Meriah,13872,11219
PIDIE JAYA,14161,10366
Pidie Jaya,14161,10366
KOTA BANDA ACEH,20149,15503
Kota Banda Aceh,20149,15503
KOTA SABANG,14494,10905
Kota Sabang,14494,10905
KOTA LANGSA,16074,11223
Kota Langsa,16074,11223
KOTA LHOKSEUMAWE,15262,11070
Kota Lhokseumawe,15262,11070
KOTA SUBULUSSALAM,12382,5236
Kota Subulussalam,12382,5236
SUMATERA UTARA,15762,8540
NIAS,8193,6723
Nias,8193,6723
MANDAILING NATAL,15437,9883
Mandailing Natal,15437,9883
TAPANULI SELATAN,17575,9136
Tapanuli Selatan,17575,9136
TAPANULI TENGAH,13945,10004
Tapanuli Tengah,13945,10004
TAPANULI UTARA,12886,11794
Tapanuli Utara,12886,11794
TOBA SAMOSIR,13203,12185
Toba Samosir / Toba,13203,12185
LABUHAN BATU,17760,8993
Labuhan Batu,17760,8993
ASAHAN,17250,9360
Asahan,17250,9360
SIMALUNGUN,16686,9954
Simalungun,16686,9954
DAIRI,11147,10314
Dairi,11147,10314
KARO,14213,10412
Karo,14213,10412
DELI SERDANG,18783,10178
Deli Serdang,18783,10178
LANGKAT,16878,7985
Langkat,16878,7985
NIAS SELATAN,10688,6610
Nias Selatan,10688,6610
HUMBANG HASUNDUTAN,8716,7572
Humbang Hasundutan,8716,7572
PAKPAK BHARAT,9468,8319
Pakpak Bharat,9468,8319
SAMOSIR,10200,8856
Samosir,10200,8856
SERDANG BEDAGAI,17789,8084
Serdang Bedagai,17789,8084
BATU BARA,17286,5511
Batu Bara,17286,5511
PADANG LAWAS UTARA,16663,7211
Padang Lawas Utara,16663,7211
PADANG LAWAS,14152,5612
Padang Lawas,14152,5612
LABUHAN BATU SELATAN,19420,7822
Labuhan Batu Selatan,19420,7822
LABUHAN BATU UTARA,18464,9113
Labuhan Batu Utara,18464,9113
NIAS UTARA,10559,4104
Nias Utara,10559,4104
NIAS BARAT,9062,5630
Nias Barat,9062,5630
KOTA SIBOLGA,14118,11574
Kota Sibolga,14118,11574
KOTA TANJUNG BALAI,18621,8418
Kota Tanjung Balai,18621,8418
KOTA PEMATANG SIANTAR,14701,12258
Kota Pematang Siantar,14701,12258
KOTA TEBING TINGGI,18583,11768
Kota Tebing Tinggi,18583,11768
KOTA MEDAN,22801,14517
Kota Medan,22801,14517
KOTA BINJAI,16902,9143
Kota Binjai,16902,9143
KOTA PADANGSIDIMPUAN,13638,11035
Kota Padangsidimpuan,13638,11035
KOTA GUNUNGSITOLI,12455,7815
Kota Gunungsitoli,12455,7815
SUMATERA BARAT,15634,10044
KEPULAUAN MENTAWAI,9628,6003
Kepulauan Mentawai,9628,6003
PESISIR SELATAN,12693,9211
Pesisir Selatan,12693,9211
SOLOK,14718,10193
Solok,14718,10193
SIJUNJUNG,16069,9573
Sijunjung,16069,9573
TANAH DATAR,12928,10045
Tanah Datar,12928,10045
PADANG PARIAMAN,16500,9969
Padang Pariaman,16500,9969
AGAM,12828,9567
Agam,12828,9567
LIMA PULUH KOTA,13905,9504
Lima Puluh Kota,13905,9504
PASAMAN,12299,7253
Pasaman,12299,7253
SOLOK SELATAN,13990,9426
Solok Selatan,13990,9426
DHARMAS RAYA,17787,7839
Dharmasraya,17787,7839
PASAMAN BARAT,13785,6687
Pasaman Barat,13785,6687
KOTA PADANG,22078,13387
Kota Padang,22078,13387
KOTA SOLOK,15782,11604
Kota Solok,15782,11604
KOTA SAWAH LUNTO,14388,9983
Kota Sawah Lunto,14388,9983
KOTA PADANG PANJANG,11689,9401
Kota Padang Panjang,11689,9401
KOTA BUKITTINGGI,14581,13337
Kota Bukittinggi,14581,13337
KOTA PAYAKUMBUH,15374,13455
Kota Payakumbuh,15374,13455
KOTA PARIAMAN,14707,12398
Kota Pariaman,14707,12398
RIAU,16727,7517
KUANTAN SINGINGI,15866,8019
Kuantan Singingi,15866,8019
INDRAGIRI HULU,16344,6639
Indragiri Hulu,16344,6639
INDRAGIRI HILIR,16757,5171
Indragiri Hilir,16757,5171
PELALAWAN,19316,8646
Pelalawan,19316,8646
SIAK,18944,8486
Siak,18944,8486
KAMPAR,17157,8412
Kampar,17157,8412
ROKAN HULU,17450,5513
Rokan Hulu,17450,5513
BENGKALIS,17780,8504
Bengkalis,17780,8504
ROKAN HILIR,15499,5737
Rokan Hilir,15499,5737
KEPULAUAN MERANTI,12535,5632
Kepulauan Meranti,12535,5632
KOTA PEKANBARU,21162,13143
Kota Pekanbaru,21162,13143
KOTA DUMAI,17782,9105
Kota Dumai,17782,9105
JAMBI,16271,7683
KERINCI,16137,7425
Kerinci,16137,7425
MERANGIN,15043,7333
Merangin,15043,7333
SAROLANGUN,17437,10128
Sarolangun,17437,10128
BATANG HARI,16037,5971
Batang Hari,16037,5971
MUARO JAMBI,14277,4351
Muaro Jambi,14277,4351
TANJUNG JABUNG TIMUR,15346,6575
Tanjung Jabung Timur,15346,6575
TANJUNG JABUNG BARAT,14696,5950
Tanjung Jabung Barat,14696,5950
TEBO,15638,8737
Tebo,15638,8737
BUNGO,18400,8820
Bungo,18400,8820
KOTA JAMBI,16710,11817
Kota Jambi,16710,11817
KOTA SUNGAI PENUH,13194,10431
Kota Sungai Penuh,13194,10431
SUMATERA SELATAN,15371,9625
OGAN KOMERING ULU,15489,10154
Ogan Komering Ulu,15489,10154
OGAN KOMERING ILIR,16771,9632
Ogan Komering Ilir,16771,9632
MUARA ENIM,16366,8551
Muara Enim,16366,8551
LAHAT,13788,10035
Lahat,13788,10035
MUSI RAWAS,15719,6322
Musi Rawas,15719,6322
MUSI BANYUASIN,16381,5385
Musi Banyuasin,16381,5385
BANYU ASIN,15247,7532
Banyu Asin,15247,7532
OGAN KOMERING ULU SELATAN,12560,7608
Ogan Komering Ulu Selatan,12560,7608
OGAN KOMERING ULU TIMUR,15575,11442
Ogan Komering Ulu Timur,15575,11442
OGAN ILIR,11069,11377
Ogan Ilir,11069,11377
EMPAT LAWANG,13959,9194
Empat Lawang,13959,9194
PENUKAL ABAB LEMATANG ILIR,12198,8101
Penukal Abab Lematang Ilir,12198,8101
MUSI RAWAS UTARA,14802,9598
Musi Rawas Utara,14802,9598
KOTA PALEMBANG,17541,14780
Kota Palembang,17541,14780
KOTA PRABUMULIH,19351,12204
Kota Prabumulih,19351,12204
KOTA PAGAR ALAM,12419,8726
Kota Pagar Alam,12419,8726
KOTA LUBUKLINGGAU,18038,13379
Kota Lubuklinggau,18038,13379
BENGKULU,15173,8499
BENGKULU SELATAN,13992,9978
Bengkulu Selatan,13992,9978
REJANG LEBONG,14530,9634
Rejang Lebong,14530,9634
BENGKULU UTARA,15785,8901
Bengkulu Utara,15785,8901
KAUR,12983,6377
Kaur,12983,6377
SELUMA,13406,5656
Seluma,13406,5656
MUKOMUKO,16864,6175
Mukomuko,16864,6175
LEBONG,17901,9974
Lebong,17901,9974
KEPAHIANG,12128,9285
Kepahiang,12128,9285
BENGKULU TENGAH,14465,6673
Bengkulu Tengah,14465,6673
KOTA BENGKULU,17909,13647
Kota Bengkulu,17909,13647
LAMPUNG,14722,7999
LAMPUNG BARAT,13349,8698
Lampung Barat,13349,8698
TANGGAMUS,14099,7712
Tanggamus,14099,7712
LAMPUNG SELATAN,14775,7544
Lampung Selatan,14775,7544
LAMPUNG TIMUR,15248,7958
Lampung Timur,15248,7958
LAMPUNG TENGAH,16632,8758
Lampung Tengah,16632,8758
LAMPUNG UTARA,13103,6585
Lampung Utara,13103,6585
WAY KANAN,14216,6898
Way Kanan,14216,6898
TULANGBAWANG,16502,8104
Tulangbawang,16502,8104
PESAWARAN,12870,6083
Pesawaran,12870,6083
PRINGSEWU,16346,9964
Pringsewu,16346,9964
MESUJI,12709,4946
Mesuji,12709,4946
TULANGBAWANG BARAT,12442,6124
Tulang Bawang Barat,12442,6124
PESISIR BARAT,10802,7892
Pesisir Barat,10802,7892
KOTA BANDAR LAMPUNG,17458,11869
Kota Bandar Lampung,17458,11869
KOTA METRO,15128,11740
Kota Metro,15128,11740
KEP. BANGKA BELITUNG,19736,9378
BANGKA,18961,8628
Bangka,18961,8628
BELITUNG,20771,9235
Belitung,20771,9235
BANGKA BARAT,18934,9546
Bangka Barat,18934,9546
BANGKA TENGAH,19453,10689
Bangka Tengah,19453,10689
BANGKA SELATAN,19089,6513
Bangka Selatan,19089,6513
BELITUNG TIMUR,18949,7317
Belitung Timur,18949,7317
KOTA PANGKAL PINANG,22724,14743
Kota Pangkal Pinang,22724,14743
KEP. RIAU,20614,12651
KEPULAUAN RIAU,20614,12651
KARIMUN,18830,9947
Karimun,18830,9947
BINTAN,21839,12600
Bintan,21839,12600
NATUNA,21240,11612
Natuna,21240,11612
LINGGA,17971,9957
Lingga,17971,9957
KEPULAUAN ANAMBAS,17338,9304
Kepulauan Anambas,17338,9304
KOTA BATAM,27027,17748
Kota Batam,27027,17748
KOTA TANJUNG PINANG,19173,15391
Kota Tanjung Pinang,19173,15391
DKI JAKARTA,23432,17318
KEPULAUAN SERIBU,17804,12587
Kep. Seribu,17804,12587
KODYA JAKARTA SELATAN,28077,23626
Kota Jakarta Selatan,28077,23626
KODYA JAKARTA TIMUR,22926,17759
Kota Jakarta Timur,22926,17759
KODYA JAKARTA PUSAT,20087,17107
Kota Jakarta Pusat,20087,17107
KODYA JAKARTA BARAT,24729,20208
Kota Jakarta Barat,24729,20208
KODYA JAKARTA UTARA,27065,18798
Kota Jakarta Utara,27065,18798
JAWA BARAT,15933,8235
BOGOR,15407,8747
Bogor,15407,8747
SUKABUMI,13527,6967
Sukabumi,13527,6967
CIANJUR,11722,5170
Cianjur,11722,5170
BANDUNG,14223,9261
Bandung,14223,9261
GARUT,11694,4523
Garut,11694,4523
TASIKMALAYA,12167,5505
Tasikmalaya,12167,5505
CIAMIS,14473,6477
Ciamis,14473,6477
KUNINGAN,14226,6777
Kuningan,14226,6777
CIREBON,16240,5667
Cirebon,16240,5667
MAJALENGKA,14423,6509
Majalengka,14423,6509
SUMEDANG,14261,10260
Sumedang,14261,10260
INDRAMAYU,15003,7465
Indramayu,15003,7465
SUBANG,15458,8833
Subang,15458,8833
PURWAKARTA,18455,7913
Purwakarta,18455,7913
KARAWANG,16067,9568
Karawang,16067,9568
BEKASI,17460,8716
Bekasi,17460,8716
BANDUNG BARAT,13723,4173
Bandung Barat,13723,4173
PANGANDARAN,13268,7379
Pangandaran,13268,7379
KOTA BOGOR,17885,9906
Kota Bogor,17885,9906
KOTA SUKABUMI,15618,10384
Kota Sukabumi,15618,10384
KOTA BANDUNG,23491,16702
Kota Bandung,23491,16702
KOTA CIREBON,15869,11634
Kota Cirebon,15869,11634
KOTA BEKASI,22326,14872
Kota Bekasi,22326,14872
KOTA DEPOK,22791,14497
Kota Depok,22791,14497
KOTA CIMAHI,17158,10716
Kota Cimahi,17158,10716
KOTA TASIKMALAYA,13921,8124
Kota Tasikmalaya,13921,8124
KOTA BANJAR,16297,7586
Kota Banjar,16297,7586
JAWA TENGAH,15606,10098
CILACAP,15956,7442
Cilacap,15956,7442
BANYUMAS,17352,8173
Banyumas,17352,8173
PURBALINGGA,13810,9741
Purbalingga,13810,9741
BANJARNEGARA,11081,8735
Banjarnegara,11081,8735
KEBUMEN,12153,8528
Kebumen,12153,8528
PURWOREJO,11865,10256
Purworejo,11865,10256
WONOSOBO,15192,9754
Wonosobo,15192,9754
MAGELANG,14154,9084
Magelang,14154,9084
BOYOLALI,17910,12776
Boyolali,17910,12776
KLATEN,13797,12011
Klaten,13797,12011
SUKOHARJO,12819,11237
Sukoharjo,12819,11237
WONOGIRI,13474,8739
Wonogiri,13474,8739
KARANGANYAR,12379,11343
Karanganyar,12379,11343
SRAGEN,17574,11571
Sragen,17574,11571
GROBOGAN,15914,7704
Grobogan,15914,7704
BLORA,14804,6163
Blora,14804,6163
REMBANG,16150,7576
Rembang,16150,7576
PATI,15243,10046
Pati,15243,10046
KUDUS,15725,10823
Kudus,15725,10823
JEPARA,15018,8779
Jepara,15018,8779
DEMAK,15481,9077
Demak,15481,9077
SEMARANG,13435,12211
Semarang,13435,12211
TEMANGGUNG,11538,9081
Temanggung,11538,9081
KENDAL,15574,11060
Kendal,15574,11060
BATANG,13581,8611
Batang,13581,8611
PEKALONGAN,14922,8954
Pekalongan,14922,8954
PEMALANG,13254,6295
Pemalang,13254,6295
TEGAL,15018,7749
Tegal,15018,7749
BREBES,15330,7238
Brebes,15330,7238
KOTA MAGELANG,14341,12254
Kota Magelang,14341,12254
KOTA SURAKARTA,15715,14115
Kota Surakarta,15715,14115
KOTA SALATIGA,20313,15764
Kota Salatiga,20313,15764
KOTA SEMARANG,17115,14908
Kota Semarang,17115,14908
KOTA PEKALONGAN,17200,12688
Kota Pekalongan,17200,12688
KOTA TEGAL,18695,12305
Kota Tegal,18695,12305
DI YOGYAKARTA,17699,13404
D I YOGYAKARTA,17699,13404
KULON PROGO,13621,9947
Kulon Progo,13621,9947
BANTUL,18555,15289
Bantul,18555,15289
GUNUNG KIDUL,16349,6807
Gunung Kidul,16349,6807
SLEMAN,17736,15366
Sleman,17736,15366
KOTA YOGYAKARTA,19545,19136
Kota Yogyakarta,19545,19136
JAWA TIMUR,17226,10292
JAWA TIMUR,17226,10292
PACITAN,14211,6062
Pacitan,14211,6062
PONOROGO,13448,9637
Ponorogo,13448,9637
TRENGGALEK,15156,9658
Trenggalek,15156,9658
TULUNGAGUNG,13942,10627
Tulungagung,13942,10627
BLITAR,16273,9696
Blitar,16273,9696
KEDIRI,16697,10699
Kediri,16697,10699
MALANG,15414,7343
Malang,15414,7343
LUMAJANG,14547,7667
Lumajang,14547,7667
JEMBER,15127,6429
Jember,15127,6429
BANYUWANGI,19462,8098
Banyuwangi,19462,8098
BONDOWOSO,14943,9684
Bondowoso,14943,9684
SITUBONDO,15854,7873
Situbondo,15854,7873
PROBOLINGGO,17701,7734
Probolinggo,17701,7734
PASURUAN,14589,8964
Pasuruan,14589,8964
SIDOARJO,20613,14211
Sidoarjo,20613,14211
MOJOKERTO,18693,11192
Mojokerto,18693,11192
JOMBANG,16858,9103
Jombang,16858,9103
NGANJUK,17717,11795
Nganjuk,17717,11795
MADIUN,16557,9836
Madiun,16557,9836
MAGETAN,16070,11711
Magetan,16070,11711
NGAWI,16106,9892
Ngawi,16106,9892
BOJONEGORO,15140,8693
Bojonegoro,15140,8693
TUBAN,16596,7873
Tuban,16596,7873
LAMONGAN,17379,8625
Lamongan,17379,8625
GRESIK,20346,10670
Gresik,20346,10670
BANGKALAN,13322,7048
Bangkalan,13322,7048
SAMPANG,13707,6552
Sampang,13707,6552
PAMEKASAN,13136,6699
Pamekasan,13136,6699
SUMENEP,14303,5367
Sumenep,14303,5367
KOTA KEDIRI,16339,12437
Kota Kediri,16339,12437
KOTA BLITAR,15414,13520
Kota Blitar,15414,13520
KOTA MALANG,20943,16612
Kota Malang,20943,16612
KOTA PROBOLINGGO,12985,12180
Kota Probolinggo,12985,12180
KOTA PASURUAN,14460,13197
Kota Pasuruan,14460,13197
KOTA MOJOKERTO,18637,13534
Kota Mojokerto,18637,13534
KOTA MADIUN,23068,15830
Kota Madiun,23068,15830
KOTA SURABAYA,22435,16584
Kota Surabaya,22435,16584
KOTA BATU,19180,9629
Kota Batu,19180,9629
BANTEN,17503,10497
PANDEGLANG,14164,6225
Pandeglang,14164,6225
LEBAK,13305,4286
Lebak,13305,4286
TANGERANG,18029,10701
Tangerang,18029,10701
SERANG,15493,9792
Serang,15493,9792
KOTA TANGERANG,19619,14514
Kota Tangerang,19619,14514
KOTA CILEGON,21050,7837
Kota Cilegon,21050,7837
KOTA SERANG,19579,12798
Kota Serang,19579,12798
KOTA TANGERANG SELATAN,22464,15051
Kota Tangerang Selatan,22464,15051
BALI,17088,13430
JEMBRANA,14048,11396
Jembrana,14048,11396
TABANAN,14946,13723
Tabanan,14946,13723
BADUNG,19752,17127
Badung,19752,17127
GIANYAR,16841,13746
Gianyar,16841,13746
KLUNGKUNG,14518,11112
Klungkung,14518,11112
BANGLI,15105,10974
Bangli,15105,10974
KARANG ASEM,14465,9014
Karangasem,14465,9014
BULELENG,18232,12652
Buleleng,18232,12652
KOTA DENPASAR,21484,19381
Kota Denpasar,21484,19381
NUSA TENGGARA BARAT,14615,9263
LOMBOK BARAT,17455,10469
Lombok Barat,17455,10469
LOMBOK TENGAH,15073,8199
Lombok Tengah,15073,8199
LOMBOK TIMUR,12458,8417
Lombok Timur,12458,8417
SUMBAWA,11773,9061
Sumbawa,11773,9061
DOMPU,13738,8136
Dompu,13738,8136
BIMA,11272,7754
Bima,11272,7754
SUMBAWA BARAT,15643,11445
Sumbawa Barat,15643,11445
LOMBOK UTARA,13488,6684
Lombok Utara,13488,6684
KOTA MATARAM,19275,13564
Kota Mataram,19275,13564
KOTA BIMA,12747,10610
Kota Bima,12747,10610
NUSA TENGGARA TIMUR,10890,7339
SUMBA BARAT,9378,7396
Sumba Barat,9378,7396
SUMBA TIMUR,11958,9460
Sumba Timur,11958,9460
KUPANG,11055,5723
Kupang,11055,5723
TIMOR TENGAH SELATAN,9332,6233
Timor Tengah Selatan,9332,6233
TIMOR TENGAH UTARA,7794,6071
Timor Tengah Utara,7794,6071
BELU,8588,7445
Belu,8588,7445
ALOR,9586,6831
Alor,9586,6831
LEMBATA,10391,7072
Lembata,10391,7072
FLORES TIMUR,10695,7450
Flores Timur,10695,7450
SIKKA,12631,6464
Sikka,12631,6464
ENDE,10159,9037
Ende,10159,9037
NGADA,11392,8740
Ngada,11392,8740
MANGGARAI,10953,5796
Manggarai,10953,5796
ROTE NDAO,10201,4559
Rote Ndao,10201,4559
MANGGARAI BARAT,11577,6147
Manggarai Barat,11577,6147
SUMBA TENGAH,8534,5181
Sumba Tengah,8534,5181
SUMBA BARAT DAYA,7078,6561
Sumba Barat Daya,7078,6561
NAGEKEO,8433,8564
Nagekeo,8433,8564
MANGGARAI TIMUR,8394,5381
Manggarai Timur,8394,5381
SABU RAIJUA,7358,4964
Sabu Raijua,7358,4964
MALAKA,8896,5196
Malaka,8896,5196
KOTA KUPANG,16192,13038
Kota Kupang,16192,13038
KALIMANTAN BARAT,13950,6417
SAMBAS,15518,7483
Sambas,15518,7483
BENGKAYANG,13517,4910
Bengkayang,13517,4910
LANDAK,10906,6059
Landak,10906,6059
PONTIANAK,12254,5989
Mempawah,12254,5989
SANGGAU,13389,4649
Sanggau,13389,4649
KETAPANG,13181,7067
Ketapang,13181,7067
SINTANG,12823,5938
Sintang,12823,5938
KAPUAS HULU,10950,5287
Kapuas Hulu,10950,5287
SEKADAU,11688,4478
Sekadau,11688,4478
MELAWI,14547,4457
Melawi,14547,4457
KAYONG UTARA,11685,5752
Kayong Utara,11685,5752
KUBU RAYA,14315,5621
Kubu Raya,14315,5621
KOTA PONTIANAK,20650,14429
Kota Pontianak,20650,14429
KOTA SINGKAWANG,17085,10138
Kota Singkawang,17085,10138
KALIMANTAN TENGAH,16534,8205
KOTAWARINGIN BARAT,19443,11829
Kotawaringin Barat,19443,11829
KOTAWARINGIN TIMUR,18639,8598
Kotawaringin Timur,18639,8598
KAPUAS,13729,10741
Kapuas,13729,10741
BARITO SELATAN,16225,10449
Barito Selatan,16225,10449
BARITO UTARA,14754,7231
Barito Utara,14754,7231
SUKAMARA,12189,8171
Sukamara,12189,8171
LAMANDAU,16320,9596
Lamandau,16320,9596
SERUYAN,14738,7547
Seruyan,14738,7547
KATINGAN,16927,6515
Katingan,16927,6515
PULANG PISAU,14213,8289
Pulang Pisau,14213,8289
GUNUNG MAS,15568,8539
Gunung Mas,15568,8539
BARITO TIMUR,17262,8953
Barito Timur,17262,8953
MURUNG RAYA,16751,6167
Murung Raya,16751,6167
KOTA PALANGKA RAYA,19187,14060
Kota Palangka Raya,19187,14060
KALIMANTAN SELATAN,18623,9071
TANAH LAUT,17581,8146
Tanah Laut,17581,8146
KOTA BARU,18569,6722
Kotabaru,18569,6722
BANJAR,18960,11484
Banjar,18960,11484
BARITO KUALA,14772,8105
Barito Kuala,14772,8105
TAPIN,18465,6708
Tapin,18465,6708
HULU SUNGAI SELATAN,19215,8874
Hulu Sungai Selatan,19215,8874
HULU SUNGAI TENGAH,13757,12077
Hulu Sungai Tengah,13757,12077
HULU SUNGAI UTARA,14483,8843
Hulu Sungai Utara,14483,8843
TABALONG,18704,7063
Tabalong,18704,7063
TANAH BUMBU,19543,7440
Tanah Bumbu,19543,7440
BALANGAN,16359,11311
Balangan,16359,11311
KOTA BANJARMASIN,18657,13742
Kota Banjarmasin,18657,13742
KOTA BANJAR BARU,20163,13549
Kota Banjar Baru,20163,13549
KALIMANTAN TIMUR,19222,7459
PASIR,18324,3091
Paser,18324,3091
KUTAI BARAT,16240,6340
Kutai Barat,16240,6340
KUTAI KARTANEGARA,19097,4900
Kutai Kartanegara,19097,4900
KUTAI TIMUR,18319,4123
Kutai Timur,18319,4123
BERAU,20169,7913
Berau,20169,7913
MALINAU,-,-
BULUNGAN,-,-
NUNUKAN,-,-
PENAJAM PASER UTARA,17791,7354
Penajam Paser Utara,17791,7354
TANA TIDUNG,-,-
MAHAKAM ULU,13032,4693
Mahakam Ulu,13032,4693
KOTA BALIKPAPAN,23978,11375
Kota Balikpapan,23978,11375
KOTA SAMARINDA,22004,10455
Kota Samarinda,22004,10455
KOTA TARAKAN,-,-
KOTA BONTANG,26768,10020
Kota Bontang,26768,10020
KALIMANTAN UTARA,13239,6161
MALINAU,15283,5443
Malinau,15283,5443
BULONGAN,14802,6600
Bulungan,14802,6600
TANA TIDUNG,11912,4058
Tana Tidung,11912,4058
NUNUKAN,10797,4605
Nunukan,10797,4605
KOTA TARAKAN,16132,10170
Kota Tarakan,16132,10170
SULAWESI UTARA,15555,10296
BOLAANG MONGONDOW,15710,6483
Bolaang Mongondow,15710,6483
MINAHASA,15654,11875
Minahasa,15654,11875
KEPULAUAN SANGIHE,15132,9649
Kepulauan Sangihe,15132,9649
KEPULAUAN TALAUD,9499,8372
Kepulauan Talaud,9499,8372
MINAHASA SELATAN,17105,7337
Minahasa Selatan,17105,7337
MINAHASA UTARA,14565,10877
Minahasa Utara,14565,10877
BOLAANG MONGONDOW UTARA,15632,5826
Bolaang Mongondow Utara,15632,5826
SIAU TAGULANDANG BIARO,12898,5802
Siau Tagulandang Biaro,12898,5802
MINAHASA TENGGARA,15531,8471
Minahasa Tenggara,15531,8471
BOLAANG MONGONDOW SELATAN,15070,4269
Bolaang Mongondow Selatan,15070,4269
BOLAANG MONGONDOW TIMUR,13572,7231
Bolaang Mongondow Timur,13572,7231
KOTA MANADO,17028,13298
Kota Manado,17028,13298
KOTA BITUNG,17029,10767
Kota Bitung,17029,10767
KOTA TOMOHON,13367,11826
Kota Tomohon,13367,11826
KOTA KOTAMOBAGU,15022,10272
Kota Kotamobagu,15022,10272
SULAWESI TENGAH,13503,8008
BANGGAI KEPULAUAN,11206,7510
Banggai Kepulauan,11206,7510
BANGGAI,14652,8008
Banggai,14652,8008
MOROWALI,17384,6441
Morowali,17384,6441
POSO,10558,8554
Poso,10558,8554
DONGGALA,11678,5968
Donggala,11678,5968
TOLI-TOLI,11688,6312
Toli-Toli,11688,6312
BUOL,12014,5732
Buol,12014,5732
PARIGI MOUTONG,13191,7746
Parigi Moutong,13191,7746
TOJO UNA-UNA,12107,6810
Tojo Una-Una,12107,6810
SIGI,11435,7786
Sigi,11435,7786
BANGGAI LAUT,11079,7696
Banggai Laut,11079,7696
MOROWALI UTARA,10934,8934
Morowali Utara,10934,8934
KOTA PALU,15939,14918
Kota Palu,15939,14918
SULAWESI SELATAN,16645,10131
KEPULAUAN SELAYAR,15027,8274
Kepulauan Selayar,15027,8274
BULUKUMBA,14153,10690
Bulukumba,14153,10690
BANTAENG,12614,9683
Bantaeng,12614,9683
JENEPONTO,14425,8506
Jeneponto,14425,8506
TAKALAR,16752,6941
Takalar,16752,6941
GOWA,15167,6649
Gowa,15167,6649
SINJAI,10503,9284
Sinjai,10503,9284
MAROS,17411,8574
Maros,17411,8574
PANGKAJENE DAN KEPULAUAN,18646,9655
Pangkajene dan Kepulauan,18646,9655
BARRU,14613,10932
Barru,14613,10932
BONE,13299,8080
Bone,13299,8080
SOPPENG,11136,9312
Soppeng,11136,9312
WAJO,20784,9885
Wajo,20784,9885
SIDENRENG RAPPANG,18915,10304
Sidenreng Rappang,18915,10304
PINRANG,15787,10718
Pinrang,15787,10718
ENREKANG,11523,10534
Enrekang,11523,10534
LUWU,14665,8463
Luwu,14665,8463
TANA TORAJA,11155,5446
Tana Toraja,11155,5446
LUWU UTARA,16872,8618
Luwu Utara,16872,8618
LUWU TIMUR,20045,9458
Luwu Timur,20045,9458
TORAJA UTARA,12092,5467
Toraja Utara,12092,5467
KOTA MAKASSAR,20964,13862
Kota Makasar,20964,13862
KOTA PARE-PARE,16339,13729
Kota Parepare,16339,13729
KOTA PALOPO,16328,12392
Kota Palopo,16328,12392
SULAWESI TENGGARA,13891,7857
BUTON,12570,4697
Buton,12570,4697
MUNA,12421,6227
Muna,12421,6227
KONAWE,15028,9746
Konawe,15028,9746
KOLAKA,18231,8507
Kolaka,18231,8507
KONAWE SELATAN,13717,6435
Konawe Selatan,13717,6435
BOMBANA,13015,5156
Bombana,13015,5156
WAKATOBI,13990,7498
Wakatobi,13990,7498
KOLAKA UTARA,11409,10321
Kolaka Utara,11409,10321
BUTON UTARA,10421,7364
Buton Utara,10421,7364
KONAWE UTARA,14186,6163
Konawe Utara,14186,6163
KOLAKA TIMUR,8153,8772
Kolaka Timur,8153,8772
KONAWE KEPULAUAN,11232,4901
Konawe Kepulauan,11232,4901
MUNA BARAT,10569,6193
Muna Barat,10569,6193
BUTON TENGAH,12245,4720
Buton Tengah,12245,4720
BUTON SELATAN,13598,3026
Buton Selatan,13598,3026
KOTA KENDARI,17552,13091
Kota Kendari,17552,13091
KOTA BAU-BAU,15636,8435
Kota Baubau,15636,8435
GORONTALO,14822,5656
BOALEMO,14470,4022
Boalemo,14470,4022
GORONTALO,14836,4228
Gorontalo,14836,4228
POHUWATO,13871,7225
Pohuwato,13871,7225
BONE BOLANGO,14890,5652
Bone Bolango,14890,5652
GORONTALO UTARA,14506,4053
Gorontalo Utara,14506,4053
KOTA GORONTALO,18849,6828
Kota Gorontalo,18849,6828
SULAWESI BARAT,13459,7025
MAJENE,12451,9237
Majene,12451,9237
POLEWALI MANDAR,12074,7434
Polewali Mandar,12074,7434
MAMASA,8543,7604
Mamasa,8543,7604
MAMUJU,12622,6732
Mamuju,12622,6732
MAMUJU UTARA,17349,6286
Mamuju Utara / Pasangkayu,17349,6286
MAMUJU TENGAH,13104,5377
Mamuju Tengah,13104,5377
MALUKU,12047,7775
MALUKU TENGGARA BARAT,8595,4100
Maluku Tenggara Barat / Kepulauan Tanimbar,8595,4100
MALUKU TENGGARA,8876,7341
Maluku Tenggara,8876,7341
MALUKU TENGAH,11449,9991
Maluku Tengah,11449,9991
BURU,16252,8626
Buru,16252,8626
KEPULAUAN ARU,11362,5722
Kepulauan Aru,11362,5722
SERAM BAGIAN BARAT,8955,8481
Seram Bagian Barat,8955,8481
SERAM BAGIAN TIMUR,13184,6983
Seram Bagian Timur,13184,6983
MALUKU BARAT DAYA,9934,5645
Maluku Barat Daya,9934,5645
BURU SELATAN,13146,5992
Buru Selatan,13146,5992
KOTA AMBON,16705,13650
Kota Ambon,16705,13650
KOTA TUAL,10838,5355
Kota Tual,10838,5355
MALUKU UTARA,12722,7176
HALMAHERA BARAT,11008,5925
Halmahera Barat,11008,5925
HALMAHERA TENGAH,11343,6550
Halmahera Tengah,11343,6550
KEPULAUAN SULA,9970,6956
Kepulauan Sula,9970,6956
HALMAHERA SELATAN,11284,5695
Halmahera Selatan,11284,5695
HALMAHERA UTARA,11656,6904
Halmahera Utara,11656,6904
HALMAHERA TIMUR,12758,4578
Halmahera Timur,12758,4578
PULAU MOROTAI,11202,2514
Pulau Morotai,11202,2514
PULAU TALIABU,11495,4544
Pulau Taliabu,11495,4544
KOTA TERNATE,18099,10647
Kota Ternate,18099,10647
KOTA TIDORE KEPULAUAN,10160,8247
Kota Tidore Kepulauan,10160,8247
PAPUA BARAT,11797,5622
FAKFAK,11555,4847
Fakfak,11555,4847
KAIMANA,12290,5626
Kaimana,12290,5626
TELUK WONDAMA,12753,4414
Teluk Wondama,12753,4414
TELUK BINTUNI,14022,6664
Teluk Bintuni,14022,6664
MANOKWARI,17867,7604
Manokwari,17867,7604
SORONG SELATAN,8175,4175
Sorong Selatan,8175,4175
SORONG,10955,5369
Sorong,10955,5369
RAJA AMPAT,12457,3913
Raja Ampat,12457,3913
TAMBRAUW,8626,2556
Tambrauw,8626,2556
MAYBRAT,7992,3456
Maybrat,7992,3456
MANOKWARI SELATAN,9710,2182
Manokwari Selatan,9710,2182
PEGUNUNGAN ARFAK,7138,4364
Pegunungan Arfak,7138,4364
KOTA SORONG,20076,10775
Kota Sorong,20076,10775
PAPUA,10736,4124
MERAUKE,16514,8089
Merauke,16514,8089
JAYAWIJAYA,8739,5496
Jayawijaya,8739,5496
JAYAPURA,14655,9068
Jayapura,14655,9068
NABIRE,14320,8572
Nabire,14320,8572
KEPULAUAN YAPEN,11233,6586
Kepulauan Yapen,11233,6586
BIAK NUMFOR,14408,8518
Biak Numfor,14408,8518
PANIAI,10384,2529
Paniai,10384,2529
PUNCAK JAYA,8312,2186
Puncak Jaya,8312,2186
MIMIKA,19432,4188
Mimika,19432,4188
BOVEN DIGOEL,12314,4168
Boven Digoel,12314,4168
MAPPI,10225,4646
Mappi,10225,4646
ASMAT,9852,1582
Asmat,9852,1582
YAHUKIMO,9694,3668
Yahukimo,9694,3668
PEGUNUNGAN BINTANG,8348,4531
Pegunungan Bintang,8348,4531
TOLIKARA,8822,1984
Tolikara,8822,1984
SARMI,10079,4608
Sarmi,10079,4608
KEEROM,13442,6941
Keerom,13442,6941
WAROPEN,10976,2564
Waropen,10976,2564
SUPIORI,8781,3223
Supiori,8781,3223
MAMBERAMO RAYA,7140,3778
Mamberamo Raya,7140,3778
NDUGA,4146,4685
Nduga,4146,4685
LANNY JAYA,4554,5801
Lanny Jaya,4554,5801
MAMBERAMO TENGAH,4630,4785
Mamberamo Tengah,4630,4785
YALIMO,7365,4650
Yalimo,7365,4650
PUNCAK,5848,4501
Puncak,5848,4501
DOGIYAI,8470,3522
Dogiyai,8470,3522
INTAN JAYA,7967,3422
Intan Jaya,7967,3422
DEIYAI,6758,2562
Deiyai,6758,2562
KOTA JAYAPURA,18542,13769
Kota Jayapura,18542,13769
INDONESIA,16215,9281
INDONESIA,16215,9281
